{"predictions": [-13.017858375679417, 657.4587909062155], "metrics": {"MAE": 53.94953373473194, "RMSE": 66.69413523435705}}