{"mae": 61.12485208745024, "rmse": 81.1205735530693, "r2": -5.473548755616839}