,Year,Actual,Predicted,Error
count,1.0,1.0,1.0,1.0
mean,2018.0,2.6,2.5999999999999965,3.552713678800501e-15
std,,,,
min,2018.0,2.6,2.5999999999999965,3.552713678800501e-15
25%,2018.0,2.6,2.5999999999999965,3.552713678800501e-15
50%,2018.0,2.6,2.5999999999999965,3.552713678800501e-15
75%,2018.0,2.6,2.5999999999999965,3.552713678800501e-15
max,2018.0,2.6,2.5999999999999965,3.552713678800501e-15
